miRNA_names,ΔCʀт.Mean,P.Value,log2FC
miR-486-5p,5.15799999237061,0.00700000021606684,-5.15842931807326
miR-92a-3p,4.75899982452393,0.00700000021606684,-4.75633090044042
miR-100-3p,9.18000030517578,0.00800000037997961,-8.96578421613775
ath-miR159a,-3.94700002670288,0.00999999977648258,3.94682437284329
miR-652-3p,3.59800004959106,0.00999999977648258,-3.59074490822529
miR-122-5p,5.65500020980835,0.0109999999403954,-5.64385622202147
miR-744-5p,3.28800010681152,0.0140000004321337,-3.29335896966827
miR-1293,-3.46700000762939,0.0149999996647239,3.46727953519587
miR-941,3.07699990272522,0.0149999996647239,-3.0709664881138
miR-130b-5p,3.2960000038147,0.0160000007599592,-3.29335896966827
miR-138-1-3p,-3.18700003623962,0.0160000007599592,3.18681745089585
miR-146a-3p,-2.88199996948242,0.017000000923872,2.88166459691826
miR-126-3p,3.78699994087219,0.0179999992251396,-3.79585934532462
miR-221-3p,3.84599995613098,0.0179999992251396,-3.83650126157488
miR-645,-2.45099997520447,0.0179999992251396,2.45074937755083
miR-145-5p,2.99300003051758,0.0189999993890524,-2.98850433795816
miR-513c-5p,-2.02999997138977,0.0189999993890524,2.0296296322619
miR-141-3p,-2.47099995613098,0.0199999995529652,2.47066706521099
miR-153-3p,3.42600011825562,0.0199999995529652,-3.42662543934245
miR-485-5p,-3.84200000762939,0.0199999995529652,3.84197313427849
miR-548a-3p,-2.04299998283386,0.0199999995529652,2.04334458098011
miR-1284,-3.34999990463257,0.0209999997168779,3.34964838779503
miR-130a-5p,-2.1010000705719,0.0209999997168779,2.10131386389219
miR-93-5p,3.16100001335144,0.0230000000447035,-3.15842931807327
miR-99a-5p,3.15000009536743,0.0230000000447035,-3.14560534735941
miR-1249-3p,2.65000009536743,0.0240000002086163,-2.65290138021538
miR-1282,-3.23900008201599,0.0240000002086163,3.23848112949043
miR-1324,-2.29699993133545,0.0240000002086163,2.29719140536861
miR-488-3p,-2.41100001335144,0.0240000002086163,2.41142629227816
miR-338-5p,-3.95000004768372,0.025000000372529,3.95037505903585
miR-375,-2.14199995994568,0.025000000372529,2.14208664083887
miR-583,-2.48600006103516,0.025000000372529,2.48645697933809
miR-331-3p,2.0460000038147,0.0260000005364418,-2.04692105520488
miR-433-3p,3.12400007247925,0.0260000005364418,-3.12029420754643
miR-106b-3p,2.87299990653992,0.0270000007003546,-2.86775225944756
miR-152-3p,3.64400005340576,0.0270000007003546,-3.64385622202147
miR-329-3p,-4.10900020599365,0.0270000007003546,4.10919332916742
miR-708-5p,-1.95899999141693,0.0280000008642674,1.95865713882601
miR-30e-5p,-4.67500019073486,0.028999999165535,4.674686671644
miR-223-3p,3.47499990463257,0.0299999993294477,-3.47393113100486
miR-9-3p,-1.91100001335144,0.0299999993294477,1.911499881045
miR-191-5p,2.99399995803833,0.0309999994933605,-2.98850433795816
miR-509-3-5p,-2.10599994659424,0.0309999994933605,2.10567804464882
miR-128-3p,2.92499995231628,0.0320000015199184,-2.92139017312103
miR-452-3p,-2.40000009536743,0.034000001847744,2.39999131729733
miR-2110,2.62100005149841,0.0350000001490116,-2.61705610827374
miR-130a-3p,3.08899998664856,0.0359999984502792,-3.08314122655536
miR-215-5p,3.55699992179871,0.0359999984502792,-3.55639333334945
miR-144-3p,2.76200008392334,0.0370000004768372,-2.76611194099567
miR-636,3.1470000743866,0.0370000004768372,-3.14560534735941
miR-1303,-2.69300007820129,0.0390000008046627,2.6930966120878
miR-423-5p,3.08599996566772,0.0390000008046627,-3.08314122655536
miR-101-3p,3.49699997901916,0.0399999991059303,-3.49005082857463
miR-125b-5p,2.65000009536743,0.0410000011324883,-2.65290138021538
miR-182-5p,2.95000004768372,0.0410000011324883,-2.95455710523116
miR-93-3p,2.25699996948242,0.0410000011324883,-2.25842510896838
miR-15a-3p,3.30699992179871,0.0430000014603138,-3.30757275167774
miR-34b-3p,-1.82000005245209,0.0430000014603138,1.8200767797944
miR-324-3p,1.7960000038147,0.0439999997615814,-1.79585934532462
miR-363-3p,3.0090000629425,0.0439999997615814,-3.01158799785348
miR-302b-3p,-1.31299996376038,0.0450000017881393,1.31266515472615
miR-135b-3p,-2.20700001716614,0.0469999983906746,2.20726818264593
miR-210-3p,2.61299991607666,0.0469999983906746,-2.61705610827374
miR-873-5p,-1.62199997901917,0.0480000004172325,1.6215243980628
miR-132-5p,-2.21199989318848,0.0500000007450581,2.21163524382206
miR-524-3p,2.54200005531311,0.0500000007450581,-2.53951948096493
miR-200c-3p,-1.37000000476837,0.0509999990463257,1.37016430183013
miR-148b-5p,-2.06599998474121,0.0520000010728836,2.06557226689292
miR-561-3p,-2.73000001907349,0.0520000010728836,2.72966150347321
miR-138-5p,-2.06800007820129,0.0529999993741512,2.06798277505798
miR-451a,3.19099998474121,0.0529999993741512,-3.19759999459725
miR-625-3p,2.64100003242493,0.0529999993741512,-2.64385622202147
miR-769-3p,3.65799999237061,0.0529999993741512,-3.66200347008662
miR-135a-5p,-2.21799993515015,0.0549999997019768,2.21847115043478
miR-145-3p,-2.67499995231628,0.0549999997019768,2.67536431533373
miR-139-5p,-2.32999992370605,0.0570000000298023,2.32969767480118
miR-148a-3p,2.80900001525879,0.0570000000298023,-2.80591288053385
miR-548h-5p,-2.63599991798401,0.0579999983310699,2.63621858064581
miR-302a-3p,-4.07499980926514,0.0599999986588955,4.07519039120867
miR-370-3p,-1.51800000667572,0.0599999986588955,1.51803153391644
miR-17-5p,2.5699999332428,0.0610000006854534,-2.57346688133374
miR-663b,2.9539999961853,0.0610000006854534,-2.95455710523116
miR-548p,-1.39499998092651,0.0619999989867211,1.39451411369559
miR-181b-5p,2.33400011062622,0.0640000030398369,-2.33642767239987
miR-1180-3p,2.25500011444092,0.0649999976158142,-2.25842510896838
miR-140-3p,2.43300008773804,0.0649999976158142,-2.43440280555305
miR-409-3p,2.52800011634827,0.0659999996423721,-2.53115611567841
miR-425-5p,2.47199988365173,0.0670000016689301,-2.47393113100487
miR-1296-5p,2.38199996948242,0.0689999982714653,-2.38082177140053
miR-576-5p,2.87400007247925,0.0689999982714653,-2.87832136500789
miR-1270,-2.77699995040894,0.0719999969005585,2.77694621112798
miR-376a-5p,-1.53699994087219,0.0719999969005585,1.53655030691842
miR-376b-3p,-1.50899994373322,0.0719999969005585,1.5089356396263
miR-885-5p,-1.36099994182587,0.0719999969005585,1.36120689345211
miR-29b-3p,3.28500008583069,0.0729999989271164,-3.27928375580914
miR-377-5p,-1.41600000858307,0.0729999989271164,1.41575865724007
miR-500a-3p,2.58200001716614,0.0729999989271164,-2.58208002926214
miR-576-3p,-1.5,0.0729999989271164,1.49978215517631
let-7f-2-3p,2.84500002861023,0.0740000009536743,-2.846843226786
miR-150-5p,3.05100011825562,0.0740000009536743,-3.04692105520488
miR-363-5p,-1.46800005435944,0.0740000009536743,1.46780117340066
miR-411-3p,-1.317999958992,0.0740000009536743,1.31788290048989
miR-548i,-1.48500001430511,0.0740000009536743,1.48439601265915
miR-339-5p,2.44199991226196,0.0750000029802322,-2.44222232580101
miR-376c-3p,-1.40900003910065,0.0750000029802322,1.40871184548297
miR-487a-3p,-3.20700001716614,0.0750000029802322,3.20679945565181
miR-518e-3p,-1.71200001239777,0.0750000029802322,1.71149494866112
miR-195-5p,2.51300001144409,0.0769999995827675,-2.51457319739871
miR-526b-5p,-1.49899995326996,0.0769999995827675,1.49927183352712
miR-199a-3p,2.39400005340576,0.0780000016093254,-2.39592869443458
miR-520d-5p,-1.70899999141693,0.0780000016093254,1.7084079338044
miR-660-5p,2.2960000038147,0.0780000016093254,-2.29335896966826
miR-24-3p,2.47399997711182,0.0790000036358833,-2.47393113100487
miR-296-5p,2.31500005722046,0.0790000036358833,-2.31473255754649
miR-367-5p,-1.25600004196167,0.0790000036358833,1.25580284351659
miR-551a,-1.52400004863739,0.0790000036358833,1.52356195605701
miR-1272,-1.63300001621246,0.0799999982118607,1.63273355878308
miR-19a-3p,1.69099998474121,0.0799999982118607,-1.68965986829219
miR-22-3p,2.59200000762939,0.0799999982118607,-2.59074490822528
miR-584-5p,3.45000004768372,0.0799999982118607,-3.44222232580101
miR-147a,-1.38800001144409,0.0810000002384186,1.38791398116585
miR-499a-5p,-1.5900000333786,0.0810000002384186,1.58976348241401
miR-1276,-1.58800005912781,0.0820000022649765,1.5878450293933
miR-23a-3p,2.79099988937378,0.0829999968409538,-2.79585934532462
miR-373-3p,-1.25600004196167,0.0829999968409538,1.25580284351659
miR-501-5p,2.34899997711182,0.0829999968409538,-2.35107447827776
miR-520a-3p,-1.27100002765656,0.0829999968409538,1.2708279794146
miR-520b,-1.23599994182587,0.0829999968409538,1.23572707152266
miR-15b-5p,3.00300002098083,0.0839999988675118,-3
miR-340-5p,-1.45000004768372,0.0839999988675118,1.44995754305393
miR-518c-5p,-1.22899997234344,0.0839999988675118,1.22897263197914
miR-30c-5p,1.98099994659424,0.0860000029206276,-1.982790760271
miR-323b-5p,-1.14600002765656,0.0860000029206276,1.14535131590876
miR-629-5p,2.43199992179871,0.0860000029206276,-2.43440280555305
miR-124-5p,-1.35099995136261,0.0869999974966049,1.35106296581878
miR-20b-3p,-1.17799997329712,0.0869999974966049,1.17823659190058
miR-200a-5p,-1.13900005817413,0.0879999995231628,1.13881440517029
miR-34a-3p,-1.42999994754791,0.0879999995231628,1.4297498538645
miR-452-5p,-3.14199995994568,0.0879999995231628,3.14175978223265
miR-335-5p,-1.08800005912781,0.0890000015497208,1.08814154768489
miR-519b-3p,-1.16700005531311,0.0890000015497208,1.16671537142373
miR-532-5p,2.23499989509583,0.0890000015497208,-2.2378638471349
miR-33a-3p,-1.07500004768372,0.0900000035762787,1.07519039120867
miR-490-3p,-1.61000001430511,0.0900000035762787,1.60975498381115
miR-409-5p,-1.27900004386902,0.090999998152256,1.27917413570015
miR-520g-3p,-1.2940000295639,0.090999998152256,1.29395892179466
miR-194-3p,-1.09399998188019,0.0930000022053719,1.09423606340145
miR-200c-5p,-1.06599998474121,0.0930000022053719,1.06557226689293
miR-516b-5p,-1.85199999809265,0.0949999988079071,1.8523984446718
miR-516a-5p,-1.07799994945526,0.096000000834465,1.07792662039758
miR-1228-5p,-1.30499994754791,0.097000002861023,1.30509498505374
miR-378a-5p,2.40100002288818,0.097000002861023,-2.40354189410958
miR-449b-5p,2.95799994468689,0.097000002861023,-2.95455710523116
miR-92b-3p,2.13499999046326,0.0979999974370003,-2.13289426974304
miR-143-3p,-2.46199989318848,0.0989999994635582,2.46231416811421
miR-198,-0.992999970912933,0.0989999994635582,0.993493261829788
miR-361-3p,2.17700004577637,0.0989999994635582,-2.17788171982324
miR-203b-5p,-1.90199995040894,0.100000001490116,1.90226653669254
miR-302c-5p,-1.25999999046326,0.100000001490116,1.26002564447201
miR-484,2.60700011253357,0.100000001490116,-2.60823224019437
miR-26b-3p,3.30299997329712,0.101000003516674,-3.30757275167774
miR-148a-5p,-1.29499995708466,0.101999998092651,1.29513524675817
miR-185-5p,2.31699991226196,0.101999998092651,-2.31473255754649
miR-450b-3p,-1.09099996089935,0.101999998092651,1.09085350796442
miR-580-3p,-1.28999996185303,0.101999998092651,1.29042446236471
miR-517a-3p,-1.11300003528595,0.103000000119209,1.11303373654189
miR-222-3p,2.18199992179871,0.104000002145767,-2.18442457895482
miR-181a-5p,2.14299988746643,0.104999996721745,-2.14560534735941
miR-659-3p,3.12400007247925,0.104999996721745,-3.12029420754643
miR-181a-3p,2.23900008201599,0.105999998748302,-2.2378638471349
miR-106b-5p,1.90100002288818,0.10700000077486,-1.89969505826764
miR-194-5p,2.25099992752075,0.10700000077486,-2.25153881203904
miR-29c-3p,2.93400001525879,0.10700000077486,-2.93236131332007
miR-616-3p,2.12700009346008,0.10700000077486,-2.12658048304686
miR-543,2.0239999294281,0.108000002801418,-2.02326973947321
miR-10a-3p,-1.12000000476837,0.108999997377396,1.11968823910173
let-7g-5p,2.65700006484985,0.109999999403954,-2.65290138021538
miR-10a-5p,2.21199989318848,0.109999999403954,-2.21089674507647
miR-22-5p,2.20799994468689,0.111000001430511,-2.21089674507647
miR-101-5p,-1.15400004386902,0.112000003457069,1.15380527424258
miR-532-3p,1.90799999237061,0.112000003457069,-1.91050183493677
miR-505-3p,2.27500009536743,0.112999998033047,-2.27229731137692
let-7e-3p,2.01099991798401,0.114000000059605,-2.01158799785348
miR-590-5p,2.63800001144409,0.114000000059605,-2.63486742043427
miR-25-3p,2.81599998474121,0.115000002086163,-2.81603711792274
miR-454-3p,-1.0460000038147,0.115000002086163,1.04614182162132
miR-488-5p,-1.36000001430511,0.115000002086163,1.36008324660315
miR-206,-1.18400001525879,0.116999998688698,1.18396288207727
miR-21-5p,2.48600006103516,0.116999998688698,-2.49005082857462
miR-508-5p,-0.98199999332428,0.116999998688698,0.981852670705707
miR-766-3p,2.84200000762939,0.118000000715256,-2.83650126157489
miR-125a-5p,2.21199989318848,0.119999997317791,-2.21089674507647
miR-361-5p,2.10999989509583,0.120999999344349,-2.10780333104757
miR-432-5p,-2.76999998092651,0.120999999344349,2.7697717755625
miR-518a-3p,-0.984000027179718,0.120999999344349,0.984042458789376
miR-181d-5p,3.20099997520447,0.122000001370907,-3.19759999459725
miR-26a-5p,2.02999997138977,0.123000003397465,-2.02914631758071
miR-548k,-1.22699999809265,0.126000002026558,1.22712498381872
miR-301b-3p,-2.71099996566772,0.127000004053116,2.71127458399032
miR-92b-5p,2.28299999237061,0.127000004053116,-2.28630419774074
miR-320a,1.4190000295639,0.128000006079674,-1.41888977511101
miR-219a-5p,1.92200005054474,0.128999993205071,-1.92139017312103
miR-16-5p,2.08100008964539,0.130999997258186,-2.08314122655537
miR-181a-2-3p,2.96900010108948,0.130999997258186,-2.96578421613775
miR-151b,2.8199999332428,0.137999996542931,-2.81603711792274
miR-16-2-3p,2.23600006103516,0.137999996542931,-2.2378638471349
let-7b-5p,2.33699989318848,0.138999998569489,-2.33642767239987
miR-362-5p,1.99399995803833,0.138999998569489,-1.99424080471182
miR-874-3p,1.99300003051758,0.138999998569489,-1.99424080471182
miR-381-3p,-2.66000008583069,0.141000002622604,2.66038104133607
miR-186-5p,2.07100009918213,0.142000004649162,-2.0709664881138
miR-432-3p,1.79999995231628,0.142000004649162,-1.80087735558943
miR-487b-3p,-2.07999992370605,0.142000004649162,2.0796341930911
miR-214-3p,-1.66799998283386,0.14300000667572,1.66811911256431
miR-548am-5p,-1.07500004768372,0.143999993801117,1.07519039120867
miR-181c-5p,1.88800001144409,0.148000001907349,-1.88896863028371
miR-188-3p,-2.88899993896484,0.150000005960464,2.8894735128229
miR-30e-3p,1.30400002002716,0.150000005960464,-1.30400618264361
miR-96-5p,1.72899997234344,0.151999995112419,-1.72737961139657
miR-127-3p,1.79900002479553,0.152999997138977,-1.80087735558943
miR-17-3p,2.94000005722046,0.152999997138977,-2.94341652455138
miR-374a-3p,1.7940000295639,0.153999999165535,-1.79585934532462
miR-185-3p,2.30800008773804,0.156000003218651,-2.30757275167774
let-7a-3p,1.78199994564056,0.157000005245209,-1.78090889920139
miR-10b-3p,1.78199994564056,0.157000005245209,-1.78090889920139
miR-10b-5p,1.78199994564056,0.157000005245209,-1.78090889920139
miR-1197,1.78199994564056,0.157000005245209,-1.78090889920139
miR-1204,1.78199994564056,0.157000005245209,-1.78090889920139
miR-1206,1.78199994564056,0.157000005245209,-1.78090889920139
miR-122-3p,1.78199994564056,0.157000005245209,-1.78090889920139
miR-1225-3p,1.78199994564056,0.157000005245209,-1.78090889920139
miR-124-3p,1.78199994564056,0.157000005245209,-1.78090889920139
miR-1244,1.78199994564056,0.157000005245209,-1.78090889920139
miR-1252-5p,1.78199994564056,0.157000005245209,-1.78090889920139
miR-1253,1.78199994564056,0.157000005245209,-1.78090889920139
miR-1257,1.78199994564056,0.157000005245209,-1.78090889920139
miR-125b-1-3p,1.78199994564056,0.157000005245209,-1.78090889920139
miR-125b-2-3p,1.78199994564056,0.157000005245209,-1.78090889920139
miR-1262,1.78199994564056,0.157000005245209,-1.78090889920139
miR-1263,1.78199994564056,0.157000005245209,-1.78090889920139
miR-1264,1.78199994564056,0.157000005245209,-1.78090889920139
miR-1267,1.78199994564056,0.157000005245209,-1.78090889920139
miR-1278,1.78199994564056,0.157000005245209,-1.78090889920139
miR-129-5p,1.78199994564056,0.157000005245209,-1.78090889920139
miR-135b-5p,1.78199994564056,0.157000005245209,-1.78090889920139
miR-141-5p,1.78199994564056,0.157000005245209,-1.78090889920139
miR-147b,1.78199994564056,0.157000005245209,-1.78090889920139
miR-149-3p,1.78199994564056,0.157000005245209,-1.78090889920139
miR-149-5p,1.78199994564056,0.157000005245209,-1.78090889920139
miR-154-3p,1.78199994564056,0.157000005245209,-1.78090889920139
miR-154-5p,1.78199994564056,0.157000005245209,-1.78090889920139
miR-155-3p,1.78199994564056,0.157000005245209,-1.78090889920139
miR-182-3p,1.78199994564056,0.157000005245209,-1.78090889920139
miR-1825,1.78199994564056,0.157000005245209,-1.78090889920139
miR-216b-5p,1.78199994564056,0.157000005245209,-1.78090889920139
miR-218-1-3p,1.78199994564056,0.157000005245209,-1.78090889920139
miR-219a-1-3p,1.78199994564056,0.157000005245209,-1.78090889920139
miR-219a-2-3p,1.78199994564056,0.157000005245209,-1.78090889920139
miR-223-5p,1.78199994564056,0.157000005245209,-1.78090889920139
miR-23b-5p,1.78199994564056,0.157000005245209,-1.78090889920139
miR-27b-5p,1.78199994564056,0.157000005245209,-1.78090889920139
miR-296-3p,1.78199994564056,0.157000005245209,-1.78090889920139
miR-298,1.78199994564056,0.157000005245209,-1.78090889920139
miR-299-3p,1.78199994564056,0.157000005245209,-1.78090889920139
miR-302d-5p,1.78199994564056,0.157000005245209,-1.78090889920139
miR-33b-5p,1.78199994564056,0.157000005245209,-1.78090889920139
miR-34b-5p,1.78199994564056,0.157000005245209,-1.78090889920139
miR-362-3p,1.78199994564056,0.157000005245209,-1.78090889920139
miR-367-3p,1.78199994564056,0.157000005245209,-1.78090889920139
miR-369-3p,1.78199994564056,0.157000005245209,-1.78090889920139
miR-371a-3p,1.78199994564056,0.157000005245209,-1.78090889920139
miR-372-3p,1.78199994564056,0.157000005245209,-1.78090889920139
miR-379-5p,1.78199994564056,0.157000005245209,-1.78090889920139
miR-380-5p,1.78199994564056,0.157000005245209,-1.78090889920139
miR-382-5p,1.78199994564056,0.157000005245209,-1.78090889920139
miR-384,1.78199994564056,0.157000005245209,-1.78090889920139
miR-410-3p,1.78199994564056,0.157000005245209,-1.78090889920139
miR-422a,1.78199994564056,0.157000005245209,-1.78090889920139
miR-431-3p,1.78199994564056,0.157000005245209,-1.78090889920139
miR-492,1.78199994564056,0.157000005245209,-1.78090889920139
miR-497-3p,1.78199994564056,0.157000005245209,-1.78090889920139
miR-499a-3p,1.78199994564056,0.157000005245209,-1.78090889920139
miR-508-3p,1.78199994564056,0.157000005245209,-1.78090889920139
miR-518e-5p,1.78199994564056,0.157000005245209,-1.78090889920139
miR-519d-3p,1.78199994564056,0.157000005245209,-1.78090889920139
miR-520c-3p,1.78199994564056,0.157000005245209,-1.78090889920139
miR-520d-3p,1.78199994564056,0.157000005245209,-1.78090889920139
miR-520e,1.78199994564056,0.157000005245209,-1.78090889920139
miR-520f-3p,1.78199994564056,0.157000005245209,-1.78090889920139
miR-520h,1.78199994564056,0.157000005245209,-1.78090889920139
miR-522-3p,1.78199994564056,0.157000005245209,-1.78090889920139
miR-525-5p,1.78199994564056,0.157000005245209,-1.78090889920139
miR-539-5p,1.78199994564056,0.157000005245209,-1.78090889920139
miR-541-5p,1.78199994564056,0.157000005245209,-1.78090889920139
miR-542-3p,1.78199994564056,0.157000005245209,-1.78090889920139
miR-542-5p,1.78199994564056,0.157000005245209,-1.78090889920139
miR-548b-3p,1.78199994564056,0.157000005245209,-1.78090889920139
miR-549a,1.78199994564056,0.157000005245209,-1.78090889920139
miR-551b-5p,1.78199994564056,0.157000005245209,-1.78090889920139
miR-554,1.78199994564056,0.157000005245209,-1.78090889920139
miR-555,1.78199994564056,0.157000005245209,-1.78090889920139
miR-556-3p,1.78199994564056,0.157000005245209,-1.78090889920139
miR-556-5p,1.78199994564056,0.157000005245209,-1.78090889920139
miR-557,1.78199994564056,0.157000005245209,-1.78090889920139
miR-558,1.78199994564056,0.157000005245209,-1.78090889920139
miR-559,1.78199994564056,0.157000005245209,-1.78090889920139
miR-563,1.78199994564056,0.157000005245209,-1.78090889920139
miR-567,1.78199994564056,0.157000005245209,-1.78090889920139
miR-569,1.78199994564056,0.157000005245209,-1.78090889920139
miR-571,1.78199994564056,0.157000005245209,-1.78090889920139
miR-575,1.78199994564056,0.157000005245209,-1.78090889920139
miR-577,1.78199994564056,0.157000005245209,-1.78090889920139
miR-578,1.78199994564056,0.157000005245209,-1.78090889920139
miR-581,1.78199994564056,0.157000005245209,-1.78090889920139
miR-582-3p,1.78199994564056,0.157000005245209,-1.78090889920139
miR-586,1.78199994564056,0.157000005245209,-1.78090889920139
miR-587,1.78199994564056,0.157000005245209,-1.78090889920139
miR-588,1.78199994564056,0.157000005245209,-1.78090889920139
miR-591,1.78199994564056,0.157000005245209,-1.78090889920139
miR-592,1.78199994564056,0.157000005245209,-1.78090889920139
miR-593-5p,1.78199994564056,0.157000005245209,-1.78090889920139
miR-595,1.78199994564056,0.157000005245209,-1.78090889920139
miR-597-5p,1.78199994564056,0.157000005245209,-1.78090889920139
miR-600,1.78199994564056,0.157000005245209,-1.78090889920139
miR-601,1.78199994564056,0.157000005245209,-1.78090889920139
miR-604,1.78199994564056,0.157000005245209,-1.78090889920139
miR-608,1.78199994564056,0.157000005245209,-1.78090889920139
miR-613,1.78199994564056,0.157000005245209,-1.78090889920139
miR-615-3p,1.78199994564056,0.157000005245209,-1.78090889920139
miR-616-5p,1.78199994564056,0.157000005245209,-1.78090889920139
miR-617,1.78199994564056,0.157000005245209,-1.78090889920139
miR-626,1.78199994564056,0.157000005245209,-1.78090889920139
miR-628-5p,1.78199994564056,0.157000005245209,-1.78090889920139
miR-630,1.78199994564056,0.157000005245209,-1.78090889920139
miR-631,1.78199994564056,0.157000005245209,-1.78090889920139
miR-634,1.78199994564056,0.157000005245209,-1.78090889920139
miR-635,1.78199994564056,0.157000005245209,-1.78090889920139
miR-638,1.78199994564056,0.157000005245209,-1.78090889920139
miR-639,1.78199994564056,0.157000005245209,-1.78090889920139
miR-640,1.78199994564056,0.157000005245209,-1.78090889920139
miR-643,1.78199994564056,0.157000005245209,-1.78090889920139
miR-644a,1.78199994564056,0.157000005245209,-1.78090889920139
miR-647,1.78199994564056,0.157000005245209,-1.78090889920139
miR-648,1.78199994564056,0.157000005245209,-1.78090889920139
miR-649,1.78199994564056,0.157000005245209,-1.78090889920139
miR-650,1.78199994564056,0.157000005245209,-1.78090889920139
miR-651-5p,1.78199994564056,0.157000005245209,-1.78090889920139
miR-658,1.78199994564056,0.157000005245209,-1.78090889920139
miR-661,1.78199994564056,0.157000005245209,-1.78090889920139
miR-662,1.78199994564056,0.157000005245209,-1.78090889920139
miR-665,1.78199994564056,0.157000005245209,-1.78090889920139
miR-744-3p,1.78199994564056,0.157000005245209,-1.78090889920139
miR-767-3p,1.78199994564056,0.157000005245209,-1.78090889920139
miR-767-5p,1.78199994564056,0.157000005245209,-1.78090889920139
miR-770-5p,1.78199994564056,0.157000005245209,-1.78090889920139
miR-802,1.78199994564056,0.157000005245209,-1.78090889920139
miR-875-3p,1.78199994564056,0.157000005245209,-1.78090889920139
miR-875-5p,1.78199994564056,0.157000005245209,-1.78090889920139
miR-876-5p,1.78199994564056,0.157000005245209,-1.78090889920139
miR-885-3p,1.78199994564056,0.157000005245209,-1.78090889920139
miR-887-3p,1.78199994564056,0.157000005245209,-1.78090889920139
miR-888-3p,1.78199994564056,0.157000005245209,-1.78090889920139
miR-889-3p,1.78199994564056,0.157000005245209,-1.78090889920139
miR-890,1.78199994564056,0.157000005245209,-1.78090889920139
miR-891a-5p,1.78199994564056,0.157000005245209,-1.78090889920139
miR-891b,1.78199994564056,0.157000005245209,-1.78090889920139
miR-892a,1.78199994564056,0.157000005245209,-1.78090889920139
miR-892b,1.78199994564056,0.157000005245209,-1.78090889920139
miR-920,1.78199994564056,0.157000005245209,-1.78090889920139
miR-921,1.78199994564056,0.157000005245209,-1.78090889920139
miR-922,1.78199994564056,0.157000005245209,-1.78090889920139
miR-924,1.78199994564056,0.157000005245209,-1.78090889920139
miR-92a-2-5p,1.78199994564056,0.157000005245209,-1.78090889920139
miR-934,1.78199994564056,0.157000005245209,-1.78090889920139
miR-936,1.78199994564056,0.157000005245209,-1.78090889920139
miR-938,1.78199994564056,0.157000005245209,-1.78090889920139
miR-944,1.78199994564056,0.157000005245209,-1.78090889920139
miR-95-3p,1.78199994564056,0.157000005245209,-1.78090889920139
miR-96-3p,1.78199994564056,0.157000005245209,-1.78090889920139
miR-99a-3p,1.88100004196167,0.157000005245209,-1.88363525473142
miR-933,1.77999997138977,0.158000007271767,-1.78090889920139
miR-485-3p,2.0239999294281,0.158999994397163,-2.02326973947321
miR-151a-3p,1.99800002574921,0.162000000476837,-2
miR-105-5p,1.75999999046326,0.163000002503395,-1.76121320454201
miR-545-5p,1.75999999046326,0.163000002503395,-1.76121320454201
let-7i-3p,2.61199998855591,0.167999997735024,-2.60823224019437
miR-1254,1.81400001049042,0.168999999761581,-1.81603711792273
miR-134-5p,-2.37899994850159,0.168999999761581,2.37934372635401
miR-155-5p,1.86000001430511,0.168999999761581,-1.8572598640252
miR-33a-5p,1.73500001430511,0.168999999761581,-1.73696553683866
miR-103a-3p,2.12599992752075,0.170000001788139,-2.12658048304686
miR-148b-3p,1.78999996185303,0.170000001788139,-1.79085857954777
miR-183-5p,2.42700004577637,0.172000005841255,-2.42662543934245
miR-192-5p,1.05599999427795,0.172999992966652,-1.05589118229933
miR-500a-5p,1.93900001049042,0.172999992966652,-1.93787824723809
miR-328-3p,1.66299998760223,0.17399999499321,-1.66200347008662
let-7d-3p,2.35700011253357,0.174999997019768,-2.35845402383021
miR-324-5p,1.73199999332428,0.174999997019768,-1.73216461247335
miR-572,1.62000000476837,0.175999999046326,-1.62148842966401
miR-99b-3p,1.75100004673004,0.180000007152557,-1.75146520787035
miR-107,1.18400001525879,0.180999994277954,-1.18442457895482
miR-20b-5p,2.05299997329712,0.181999996304512,-2.05289496841351
miR-509-5p,1.70099997520447,0.181999996304512,-1.70368938663273
miR-664a-3p,1.59899997711182,0.18299999833107,-1.59946201308872
miR-424-3p,1.74500000476837,0.184000000357628,-1.74661572610981
miR-943,2.28699994087219,0.184000000357628,-2.28630419774074
miR-224-5p,1.69200003147125,0.186000004410744,-1.69432132466025
miR-431-5p,2.07599997520447,0.186000004410744,-2.07704101471954
miR-326,1.68599998950958,0.187000006437302,-1.68501356319538
miR-641,1.80200004577637,0.187999993562698,-1.80087735558943
miR-589-3p,1.75899994373322,0.190999999642372,-1.76121320454201
miR-99b-5p,1.66199994087219,0.193000003695488,-1.66200347008662
miR-18a-3p,1.69799995422363,0.194000005722046,-1.69899775178458
miR-937-3p,2.04699993133545,0.194000005722046,-2.04692105520488
let-7d-5p,1.56900000572205,0.196999996900559,-1.56917945040547
miR-129-2-3p,1.60800004005432,0.199000000953674,-1.60823224019437
miR-133b,-1.6710000038147,0.199000000953674,1.67129334656268
miR-20a-5p,1.78699994087219,0.200000002980232,-1.78587523616021
miR-30d-3p,-1.49399995803833,0.204999998211861,1.49364732615782
miR-196a-3p,1.61899995803833,0.208000004291534,-1.61705610827374
miR-100-5p,-0.990000009536743,0.210999995470047,0.989865580606705
miR-491-5p,1.38300001621246,0.212999999523163,-1.38458375392779
miR-183-3p,-1.47800004482269,0.214000001549721,1.47767737202761
miR-330-5p,1.55900001525879,0.214000001549721,-1.56064287834597
miR-596,1.81099998950958,0.214000001549721,-1.81096619371342
miR-505-5p,1.90600001811981,0.219999998807907,-1.9050884083697
miR-521,1.56099998950958,0.223000004887581,-1.56064287834597
miR-365a-3p,2.69600009918213,0.225999996066093,-2.69899775178458
cel-miR-39-3p,-1.59099996089935,0.226999998092651,1.59120067841207
miR-18a-5p,1.27499997615814,0.226999998092651,-1.27578635655062
miR-377-3p,1.89300000667572,0.228000000119209,-1.89432195535118
miR-935,1.47699999809265,0.230000004172325,-1.47794426137836
miR-429,-2.04900002479553,0.231000006198883,2.04893364918785
miR-1260a,2.17600011825562,0.234999999403954,-2.17788171982324
miR-221-5p,1.54700005054474,0.237000003457069,-1.5479317375923
miR-331-5p,-2.36100006103516,0.238999992609024,2.36092609725423
miR-628-3p,1.47399997711182,0.238999992609024,-1.47393113100486
miR-299-5p,1.53199994564056,0.239999994635582,-1.53115611567841
miR-24-1-5p,2.28999996185303,0.24099999666214,-2.28630419774074
miR-146a-5p,1.37399995326996,0.243000000715256,-1.37332721976985
miR-374b-3p,1.95799994468689,0.243000000715256,-1.96015973948337
miR-1227-3p,1.37899994850159,0.252000004053116,-1.37706968481648
miR-200a-3p,-0.736999988555908,0.252000004053116,0.737254152194724
miR-19b-3p,1.46000003814697,0.254999995231628,-1.45798967375714
miR-411-5p,-1.22399997711182,0.256000012159348,1.22342257350429
miR-449a,-1.98399996757507,0.256999999284744,1.98404245878938
let-7i-5p,1.3400000333786,0.263999998569488,-1.3400754024117
miR-653-5p,1.67499995231628,0.263999998569488,-1.6757654674006
miR-1248,1.67599999904633,0.266000002622604,-1.6757654674006
miR-204-5p,-1.44700002670288,0.266000002622604,1.44678559949225
miR-589-5p,1.47699999809265,0.266999989748001,-1.47794426137836
miR-193a-5p,1.5460000038147,0.26800000667572,-1.5479317375923
miR-330-3p,-1.59500002861023,0.270000010728836,1.59550369601471
miR-454-5p,-1.20099997520447,0.270000010728836,1.20100648161607
miR-140-5p,-1.61600005626678,0.272000014781952,1.61588710084972
miR-564,-1.60300004482269,0.272000014781952,1.60312192056299
miR-629-3p,1.36000001430511,0.273000001907349,-1.36215794498127
miR-671-3p,1.74399995803833,0.273999989032745,-1.74178263462208
miR-503-5p,1.43400001525879,0.284999996423721,-1.43440280555305
miR-106a-5p,1.75,0.28600001335144,-1.75146520787035
miR-130b-3p,1.4889999628067,0.287000000476837,-1.49005082857463
miR-28-3p,1.36800003051758,0.293000012636185,-1.36959454896006
miR-205-5p,-1.41799998283386,0.293999999761581,1.41845989008299
miR-378a-3p,1.61800003051758,0.296000003814697,-1.61705610827374
miR-548e-3p,-0.800000011920929,0.296000003814697,0.799916249614978
miR-1288-3p,-1.46700000762939,0.300000011920929,1.46727953519587
miR-129-1-3p,-1.38499999046326,0.305999994277954,1.38515489056339
miR-21-3p,-0.901000022888184,0.308999985456467,0.90072191503619
miR-489-3p,-1.96899998188019,0.310000002384186,1.96864376861955
miR-668-3p,1.63199996948242,0.310000002384186,-1.63039386820349
miR-340-3p,-1.4190000295639,0.312000006437302,1.41899947880912
miR-618,1.31099998950958,0.312000006437302,-1.31114826637626
miR-200b-3p,-1.44500005245209,0.312999993562698,1.44466700517583
miR-24-2-5p,1.72200000286102,0.314000010490417,-1.72261028643155
miR-181c-3p,-1.99300003051758,0.321999996900559,1.99349326182979
miR-523-3p,-0.947000026702881,0.323000013828278,0.947105031586488
miR-29c-5p,1.39400005340576,0.324999988079071,-1.39592869443458
miR-208a-3p,-1.71300005912781,0.328000009059906,1.71369580225926
miR-1271-5p,-1.432000041008,0.333999991416931,1.43189032380829
miR-1205,1.00800001621246,0.342000007629395,-1.00868221749273
miR-143-5p,-1.1139999628067,0.345999985933304,1.11436699953193
miR-30b-5p,1.39499998092651,0.345999985933304,-1.39592869443458
miR-92a-1-5p,1.31500005722046,0.347000002861023,-1.31473255754649
miR-133a-3p,-1.15699994564056,0.34799998998642,1.15769047904677
miR-23b-3p,1.62000000476837,0.351999998092651,-1.62148842966401
miR-15b-3p,1.72699999809265,0.352999985218048,-1.72737961139657
miR-642a-5p,1.3400000333786,0.354000002145767,-1.3400754024117
let-7g-3p,1.60099995136261,0.358999997377396,-1.59946201308872
miR-16-1-3p,1.51900005340576,0.358999997377396,-1.51870102987079
miR-105-3p,0.97299998998642,0.361000001430511,-0.9714308747809
miR-621,1.26699995994568,0.361000001430511,-1.26881678743692
miR-1236-3p,0.97000002861023,0.363000005483627,-0.968604866997926
miR-217,1.05299997329712,0.363000005483627,-1.05289496841351
miR-7-5p,1.70700001716614,0.363000005483627,-1.70839646894711
miR-1203,0.967999994754791,0.363999992609024,-0.968604866997926
miR-1208,0.967999994754791,0.363999992609024,-0.968604866997926
miR-106a-3p,0.966000020503998,0.365000009536743,-0.965784216137752
miR-1292-5p,-1.85099995136261,0.36599999666214,1.85119935460942
miR-942-5p,0.714999973773956,0.368000000715256,-0.715485802368163
miR-1200,0.958000004291534,0.368999987840652,-0.957355702665135
miR-1183,0.950999975204468,0.372999995946884,-0.951763759791727
miR-142-3p,1.05799996852875,0.374000012874603,-1.05889372130032
miR-197-3p,0.504000008106232,0.374000012874603,-0.504304871528516
miR-30a-5p,-1.93499994277954,0.374000012874603,1.9354597657904
miR-566,1.77199995517731,0.384999990463257,-1.77102736802086
miR-320b,0.931999981403351,0.388000011444092,-0.932361313320065
miR-211-5p,-1.21899998188019,0.388999998569488,1.2190911007986
miR-1243,0.921999990940094,0.389999985694885,-0.921390173121027
miR-1304-5p,-1.45899999141693,0.39300000667572,1.4589069448885
miR-196b-5p,-1.03199994564056,0.395000010728836,1.03139513300207
miR-202-5p,-1.27499997615814,0.400000005960465,1.27500709298289
miR-136-3p,1.22899997234344,0.400999993085861,-1.22769207176288
miR-193b-3p,-0.680999994277954,0.400999993085861,0.680774465832743
miR-483-3p,-1.24600005149841,0.400999993085861,1.24610399712297
miR-342-3p,0.955999970436096,0.405000001192093,-0.957355702665135
miR-30d-5p,0.755999982357025,0.41100001335144,-0.756330900440417
miR-31-3p,1.11899995803833,0.41100001335144,-1.12029420754644
miR-1255a,1.13999998569489,0.412999987602234,-1.1392358094933
miR-203a-3p,-1.21800005435944,0.416000008583069,1.21847115043478
miR-383-5p,1.11000001430511,0.416000008583069,-1.11091590288766
miR-142-5p,-1.11300003528595,0.423000007867813,1.11303373654189
miR-455-5p,-1.14199995994568,0.425999999046326,1.14208664083887
miR-7-1-3p,-0.873000025749206,0.425999999046326,0.873419516953146
miR-376a-3p,-0.564000010490418,0.426999986171722,0.563646313236074
miR-512-3p,0.823000013828278,0.428000003099442,-0.823677233447419
miR-139-3p,1.08700001239777,0.428999990224838,-1.08620107813625
miR-199b-5p,-0.985000014305115,0.428999990224838,0.985500444202476
miR-34c-5p,0.998000025749206,0.428999990224838,-0.997117528540983
miR-655-3p,-1.06400001049042,0.430000007152557,1.06419311719881
miR-888-5p,0.819999992847443,0.430000007152557,-0.821126080723808
miR-151a-5p,-0.670000016689301,0.430999994277954,0.669933800213075
miR-513b-5p,0.816999971866608,0.432000011205673,-0.816037117922735
miR-30b-3p,0.814999997615814,0.43299999833107,-0.816037117922735
miR-515-3p,0.808000028133392,0.437999993562698,-0.808437399900096
miR-423-3p,1.4190000295639,0.446000009775162,-1.41888977511101
miR-1286,-1.31400001049042,0.449000000953674,1.31440650091617
miR-550a-3p,1.52100002765656,0.449000000953674,-1.52284083032641
miR-624-5p,0.885999977588654,0.449999988079071,-0.886299477946638
miR-758-3p,-0.734000027179718,0.449999988079071,0.734655463245237
miR-579-3p,1.0460000038147,0.453000009059906,-1.04692105520488
miR-496,0.820999979972839,0.453999996185303,-0.821126080723808
miR-450b-5p,0.816999971866608,0.456999987363815,-0.816037117922735
miR-369-5p,-0.810000002384186,0.458999991416931,0.809826013364396
miR-380-3p,0.846000015735626,0.46000000834465,-0.846843226786003
miR-493-3p,0.760999977588654,0.46000000834465,-0.76121320454201
miR-193a-3p,0.771000027656555,0.462999999523163,-0.771027368020862
miR-548a-5p,1.25,0.46399998664856,-1.25153881203904
miR-190b,-0.796000003814697,0.465000003576279,0.796597744543221
miR-675-5p,0.76800000667572,0.465999990701675,-0.768567561081515
miR-23a-5p,-0.995999991893768,0.467000007629395,0.996388749895894
miR-27b-3p,1.317999958992,0.467000007629395,-1.31832588308246
miR-1224-3p,0.96399998664856,0.467999994754791,-0.962969236871145
miR-1226-5p,-1.03699994087219,0.47299998998642,1.03632757500001
miR-620,0.751999974250793,0.476000010967255,-0.75146520787035
miR-424-5p,1.44200003147125,0.476999998092651,-1.44222232580101
miR-627-5p,0.75,0.477999985218048,-0.749038357095628
miR-450a-5p,-0.754000008106232,0.479000002145767,0.754460004617014
miR-590-3p,-0.681999981403351,0.479000002145767,0.681674116917533
miR-339-3p,-0.549000024795532,0.483000010251999,0.548929827783575
miR-7-2-3p,0.739000022411346,0.483999997377396,-0.739372146999629
miR-633,-0.601000010967255,0.485000014305115,0.600269784366053
miR-301a-3p,-0.483000010251999,0.488000005483627,0.483364362681679
miR-32-5p,-0.731000006198883,0.490000009536743,0.730313920296376
miR-27a-3p,1.26999998092651,0.49099999666214,-1.26881678743692
miR-188-5p,0.97299998998642,0.495000004768372,-0.974262429125657
miR-455-3p,-0.712000012397766,0.495000004768372,0.711935367058489
miR-483-5p,-0.689999997615814,0.495999991893768,0.690640545369975
miR-637,0.934000015258789,0.497999995946884,-0.935117143153725
miR-199a-5p,0.570999979972839,0.499000012874603,-0.571321637072287
miR-548m,0.721000015735626,0.499000012874603,-0.720231594273008
miR-146b-5p,0.799000024795532,0.500999987125397,-0.798366168740376
miR-126-5p,1.14199995994568,0.508000016212463,-1.14241701576225
miR-150-3p,1.05599999427795,0.508000016212463,-1.05589118229933
miR-212-3p,-0.930999994277954,0.50900000333786,0.930548132963154
miR-1291,1.12000000476837,0.510999977588654,-1.12029420754644
miR-553,0.698000013828278,0.512000024318695,-0.698997751784579
miR-599,0.700999975204468,0.513999998569489,-0.701341662063758
miR-222-5p,-0.883000016212463,0.515999972820282,0.882838641590808
miR-29b-2-5p,0.897000014781952,0.521000027656555,-0.897006005395612
miR-1233-3p,-0.908999979496002,0.523000001907349,0.908428630377494
miR-325,-1.13100004196167,0.523999989032745,1.13158947428077
miR-504-5p,0.703000009059906,0.524999976158142,-0.703689386632727
miR-623,0.967000007629394,0.531000018119812,-0.965784216137752
miR-582-5p,-0.639999985694885,0.532000005245209,0.639695204257466
miR-29b-1-5p,-0.785000026226044,0.533999979496002,0.784922743086236
miR-32-3p,-1.01800000667572,0.535000026226044,1.017209239729
miR-518c-3p,0.671000003814697,0.53600001335144,-0.671163487571501
miR-448,-0.675999999046326,0.541000008583069,0.676267453037339
miR-19a-5p,-0.600000023841858,0.544000029563904,0.600269784366053
miR-323a-3p,-1.05799996852875,0.545000016689301,1.05797008053239
miR-545-3p,0.930000007152557,0.555000007152557,-0.929610737625804
miR-654-5p,1.04799997806549,0.565999984741211,-1.04692105520488
let-7f-5p,-0.615000009536743,0.572000026702881,0.615416246072207
miR-765,0.614000022411346,0.572000026702881,-0.614845109436611
let-7f-1-3p,-0.635999977588654,0.574999988079071,0.635986522338341
miR-190a-5p,-0.319000005722046,0.578000009059906,0.318461440894175
miR-208b-3p,0.612999975681305,0.579999983310699,-0.612637493876099
miR-598-3p,-0.700999975204468,0.579999983310699,0.701327298874931
miR-193b-5p,-0.523999989032745,0.582000017166138,0.524063639419269
miR-29a-5p,-0.521000027656555,0.582000017166138,0.521050679373663
miR-570-3p,-0.712999999523163,0.583000004291534,0.713695802259267
miR-1265,-0.940999984741211,0.586000025272369,0.941106278699687
miR-515-5p,-0.51800000667572,0.586000025272369,0.518031533916441
miR-518b,-0.51800000667572,0.587000012397766,0.518031533916441
miR-31-5p,0.773999989032745,0.58899998664856,-0.77349152310906
miR-518a-5p,-0.503000020980835,0.59500002861023,0.502839814572056
miR-520a-5p,0.486000001430512,0.596000015735626,-0.486004047610657
miR-1251-5p,0.607999980449677,0.602999985218048,-0.608232240194365
miR-573,-0.508000016212463,0.602999985218048,0.507921516237669
miR-342-5p,-0.675999999046326,0.603999972343445,0.675364315333729
miR-548c-3p,-0.46000000834465,0.605000019073486,0.460480519035066
miR-624-3p,-0.476999998092651,0.606000006198883,0.477159169673588
miR-338-3p,0.842000007629395,0.610000014305115,-0.84166290009472
miR-548b-5p,0.90499997138977,0.612999975681305,-0.905088408369696
miR-607,-0.46399998664856,0.616999983787537,0.463622402974807
miR-132-3p,-0.592999994754791,0.617999970912933,0.592636444116946
miR-214-5p,0.815999984741211,0.617999970912933,-0.816037117922735
let-7e-5p,0.541999995708466,0.620000004768372,-0.541618044910363
miR-186-3p,0.830999970436096,0.620999991893768,-0.831358024420877
miR-562,-0.751999974250793,0.620999991893768,0.751892151476625
miR-519c-3p,-0.455000013113022,0.623000025749206,0.455228625308604
miR-585-3p,0.851999998092651,0.623000025749206,-0.852042066459318
miR-421,0.941999971866608,0.630999982357025,-0.940644645800136
miR-486-3p,0.65200001001358,0.630999982357025,-0.650634667328142
miR-196b-3p,0.545000016689301,0.632000029087067,-0.543719540551188
miR-541-3p,0.570999979972839,0.632000029087067,-0.571321637072287
miR-1301-3p,0.515999972820282,0.64300000667572,-0.516635637318323
miR-27a-5p,0.540000021457672,0.64300000667572,-0.539519480964932
miR-524-5p,-0.421000003814697,0.64300000667572,0.421155946276819
miR-1250-5p,0.504999995231628,0.643999993801117,-0.504304871528516
miR-495-3p,-0.441000014543533,0.647000014781952,0.441483522135051
miR-125a-3p,0.526000022888184,0.651000022888184,-0.526992420188772
miR-603,-0.40599998831749,0.65200001001358,0.405992411595131
miR-1283,0.515999972820282,0.653999984264374,-0.516635637318323
miR-425-3p,0.684000015258789,0.653999984264374,-0.682695872010074
miR-548l,-0.397000014781952,0.662000000476837,0.397255380069306
miR-1178-3p,-0.441000014543533,0.666000008583069,0.441483522135051
miR-544a,0.721000015735626,0.666000008583069,-0.720231594273008
miR-615-5p,0.51800000667572,0.671000003814697,-0.51870102987079
miR-1269a,-0.372999995946884,0.672999978065491,0.372952050101984
miR-548d-3p,-0.876999974250793,0.674000024795532,0.876566031774046
miR-127-5p,0.662999987602234,0.680000007152557,-0.66200347008662
miR-614,0.505999982357025,0.680000007152557,-0.506352673842183
miR-525-3p,0.504000008106232,0.680999994277954,-0.504304871528516
miR-646,-0.363000005483627,0.683000028133392,0.362890657644131
miR-518d-3p,-0.589999973773956,0.684000015258789,0.589763482414011
miR-939-5p,-0.497000008821487,0.685000002384186,0.49774002819592
miR-1245a,0.444999992847443,0.686999976634979,-0.446147978396471
miR-497-5p,-0.354000002145767,0.689000010490418,0.35388783305519
miR-656-3p,-0.354000002145767,0.689000010490418,0.35388783305519
miR-9-5p,0.837000012397766,0.689999997615814,-0.836501261574882
miR-518f-3p,-0.34400001168251,0.691999971866608,0.344828475330331
miR-30c-1-3p,0.386000007390976,0.697000026702881,-0.386468374059744
miR-1298-5p,-0.611999988555908,0.703000009059906,0.612588448091534
miR-550a-5p,0.624000012874603,0.705999970436096,-0.623709641042617
miR-200b-5p,-0.323000013828278,0.708999991416931,0.323081843394377
miR-196a-5p,-0.310000002384186,0.717999994754791,0.310340131707802
miR-609,0.451999992132187,0.717999994754791,-0.45205667647559
miR-1285-3p,-0.305999994277954,0.721000015735626,0.305678675339755
miR-1289,-0.301999986171722,0.723999977111816,0.302172846607068
miR-494-3p,-0.340000003576279,0.725000023841858,0.340277441716717
miR-551b-3p,-0.301999986171722,0.725000023841858,0.302172846607068
miR-657,0.612999975681305,0.725000023841858,-0.612637493876099
miR-191-3p,-0.598999977111816,0.731000006198883,0.599317780075842
miR-202-3p,-0.293000012636185,0.731000006198883,0.293958921794663
miR-593-3p,-0.564000010490418,0.731000006198883,0.564622025459305
miR-192-3p,-0.279000014066696,0.737999975681305,0.279768405726992
miR-606,0.374000012874603,0.737999975681305,-0.37332721976985
miR-519a-3p,-0.296000003814697,0.744000017642975,0.296310613367271
miR-548j-5p,-0.689999997615814,0.744000017642975,0.689746470053918
miR-30a-3p,0.363999992609024,0.749000012874603,-0.364013477661659
miR-1302,-0.26800000667572,0.750999987125397,0.267835387526644
miR-216a-5p,-0.26800000667572,0.750999987125397,0.267835387526644
miR-412-3p,0.564999997615814,0.750999987125397,-0.5649048504152
miR-98-5p,0.644999980926514,0.751999974250793,-0.646112166944813
let-7b-3p,-0.275000005960464,0.754999995231628,0.275007092982881
miR-18b-3p,-0.25900000333786,0.758000016212463,0.25821736537792
miR-548d-5p,0.545000016689301,0.760999977588654,-0.545824101792806
miR-1294,-0.252999991178513,0.763000011444092,0.253384273890188
miR-218-5p,-0.250999987125397,0.763999998569489,0.250961642904372
miR-26b-5p,0.593999981880188,0.764999985694885,-0.59291925152717
miR-1275,0.465000003576279,0.771000027656555,-0.465938443187542
miR-28-5p,-0.462999999523163,0.771000027656555,0.462575910008063
miR-26a-2-3p,-0.580999970436096,0.772000014781952,0.580145489024921
miR-136-5p,0.441000014543533,0.779999971389771,-0.4402634979691
miR-548n,0.504999995231628,0.782000005245209,-0.504304871528516
miR-20a-3p,-0.275000005960464,0.785000026226044,0.275007092982881
miR-34a-5p,-0.225999996066093,0.78600001335144,0.226508476890945
miR-18b-5p,-0.212999999523163,0.796000003814697,0.212880615015923
miR-552-3p,-0.23199999332428,0.80400002002716,0.232660698242983
miR-708-3p,0.293999999761581,0.810999989509583,-0.293358969668262
miR-25-5p,-0.252999991178513,0.813000023365021,0.252173394718584
miR-30c-2-3p,-0.187999993562698,0.818000018596649,0.187767820731298
miR-34c-3p,-0.187000006437302,0.819000005722046,0.186500572152695
miR-605-5p,-0.223000004887581,0.819000005722046,0.222804629425679
miR-519e-3p,-0.184000000357628,0.820999979972839,0.183962882077268
miR-501-3p,0.757000029087067,0.822000026702881,-0.756330900440417
miR-337-5p,-0.342000007629395,0.824000000953674,0.342554753072768
miR-518d-5p,-0.158999994397163,0.842999994754791,0.159629164881536
miR-26a-1-3p,-0.202999994158745,0.847000002861023,0.202887862158817
miR-187-3p,-0.483999997377396,0.84799998998642,0.484396012659149
miR-876-3p,0.215000003576279,0.84799998998642,-0.21424024472651
miR-374b-5p,0.127000004053116,0.850000023841858,-0.126580483046856
miR-1255b-5p,-0.194999992847443,0.853999972343445,0.195347574289704
miR-337-3p,-0.250999987125397,0.853999972343445,0.250961642904372
miR-15a-5p,-0.230000004172325,0.855000019073486,0.23020298638875
miR-574-3p,-0.263999998569488,0.857999980449677,0.264236121258045
miR-1256,-0.19200000166893,0.859000027179718,0.192825411978487
miR-335-3p,-0.141000002622604,0.860000014305115,0.141432849556196
let-7a-5p,-0.138999998569489,0.862999975681305,0.13881440517029
miR-184,-0.215000003576279,0.86599999666214,0.215367988794398
miR-138-2-3p,0.197999998927116,0.867999970912933,-0.197599994597256
miR-146b-3p,0.194000005722046,0.870000004768372,-0.194294793909628
miR-137,-0.239999994635582,0.873000025749206,0.240008957745085
miR-622,0.257999986410141,0.874000012874603,-0.25842510896838
miR-302b-5p,-0.123999997973442,0.876999974250793,0.123003936366981
miR-518f-5p,-0.122000001370907,0.878000020980835,0.123003936366981
miR-302c-3p,-0.11599999666214,0.88400000333786,0.116364745268581
miR-302a-5p,-0.149000003933907,0.884999990463257,0.14925932331812
miR-519e-5p,-0.114000000059605,0.885999977588654,0.113700522053365
miR-302d-3p,-0.119999997317791,0.888000011444092,0.120351956819869
miR-1247-5p,-0.310999989509583,0.888999998569489,0.310340131707802
miR-510-5p,-0.104999996721745,0.894999980926514,0.104336723808284
miR-345-5p,0.119999997317791,0.898999989032745,-0.12029420754644
miR-1184,-0.101000003516674,0.899999976158142,0.100304941732357
miR-29a-3p,0.0869999974966049,0.901000022888184,-0.0862010781362526
miR-516a-3p,-0.097000002861023,0.90200001001358,0.0962618607807356
miR-19b-1-5p,0.135000005364418,0.906000018119812,-0.134477019716177
miR-548g-3p,0.142000004649162,0.906000018119812,-0.142417015762251
miR-517c-3p,-0.0869999974966049,0.912000000476837,0.086783815372499
miR-491-3p,-0.0860000029206276,0.912999987602234,0.0854246419883263
miR-625-5p,0.090999998152256,0.921000003814697,-0.0908029208906618
miR-507,-0.0920000001788139,0.922999978065491,0.0922074174462626
miR-218-2-3p,0.122000001370907,0.930000007152557,-0.121863186962066
miR-374a-5p,-0.0590000003576279,0.933000028133392,0.0593553541998638
miR-502-5p,0.103000000119209,0.933000028133392,-0.103146935970283
miR-654-3p,-0.153999999165535,0.939000010490418,0.154453638418295
miR-1-3p,-0.0920000001788139,0.939999997615814,0.0922074174462626
miR-346,-0.063000001013279,0.939999997615814,0.0635028830585509
miR-511-5p,-0.0570000000298023,0.941999971866608,0.0565834754486315
miR-103a-2-5p,0.0469999983906746,0.944000005722046,-0.0469210552048861
miR-502-3p,-0.0619999989867211,0.944999992847443,0.0621217527619079
miR-769-5p,-0.0719999969005585,0.947000026702881,0.0717626679909999
let-7c-5p,-0.0509999990463257,0.948000013828278,0.0510240216171851
miR-517-5p,-0.0439999997615814,0.954999983310699,0.0440443580613655
miR-1182,-0.0509999990463257,0.959999978542328,0.0510240216171851
miR-1238-3p,-0.0480000004172325,0.962999999523163,0.0482362402082759
miR-195-3p,-0.0540000014007092,0.964999973773956,0.0538064264643857
miR-513a-5p,-0.0299999993294477,0.968999981880188,0.0299829052950303
miR-1290,0.063000001013279,0.971000015735626,-0.063409144297794
miR-506-3p,-0.0240000002086163,0.975000023841858,0.024319622375187
miR-144-5p,-0.0189999993890524,0.989000022411346,0.0200577351100172
miR-512-5p,-0.00600000005215406,0.994000017642975,0.00575919528818436
miR-1179,-0.00499999988824129,0.995999991893768,0.00575919528818436
